1 , Mohamed , Gomaa , 50 , 800 , 11111
2 , Mohamed , Gomaa , 50 , 800 , 11111
3 , Mohamed , Gomaa , 50 , 800 , 11111
4 , Mohamed , Gomaa , 50 , 800 , 11111
5 , Mohamed , Gomaa , 50 , 800 , 11111
6 , Mohamed , Gomaa , 50 , 800 , 11111
7 , Mohamed , Gomaa , 50 , 800 , 11111
8 , Mohamed , Gomaa , 50 , 800 , 11111
9 , Mohamed , Gomaa , 50 , 800 , 11111
10 , Mohamed , Gomaa , 50 , 800 , 11111
11 , Mohamed , Gomaa , 50 , 800 , 11111
12 , M , H , 2 , 50 , 1545478
13 , M , H , 2 , 50 , 1545478
14 , M , H , 2 , 50 , 1545478
15 , M , H , 2 , 50 , 1545478
16 , M , H , 2 , 50 , 1545478
17 , M , H , 2 , 50 , 1545478
18 , M , H , 2 , 50 , 1545478
19 , M , H , 2 , 50 , 1545478
20 , M , H , 2 , 50 , 1545478
21 , M , H , 2 , 50 , 1545478
22 , M , H , 2 , 50 , 1545478
23 , M , H , 2 , 50 , 1545478
24 , M , H , 2 , 50 , 1545478
25 , M , H , 2 , 50 , 1545478
26 , M , H , 2 , 50 , 1545478
27 , M , H , 2 , 50 , 1545478
28 , M , H , 2 , 50 , 1545478
29 , M , H , 2 , 50 , 1545478
30 , Mostafa , Abdo , 35 , 20000 , 0118688995
31 , M , H , 2 , 50 , 1545478
32 , Mostafa , Abdo , 35 , 20000 , 0118688995
